product_id,institution,product_name,sale_status,product_type,term,contribution_summary,base_rate,advertised_max_rate,preferential_rate_cap,rule_count,feature_count,complexity,resolver_dependency_count,service_dependency_count,user_fact_dependency_count,official_source_url,document_version,validation_status,quality_grade
SHINHAN_YOUTH_FIRST_SAVINGS_20260722,SHINHAN_BANK,청년 처음적금,ON_SALE,INSTALLMENT_SAVINGS,12 MONTH,MONTHLY 1000~300000 KRW / FLEXIBLE,3.05,6.05,3.0,6,3,COMPLEX,3,3,0,https://img.shinhan.com/sbank2016/seol/20240202000000990012LC000030.PDF,2026-07-22,PASS,B
HANA_RUN_SAVINGS_20260429,HANA_BANK,달려라 하나 적금,ON_SALE,INSTALLMENT_SAVINGS,12 MONTH,MONTHLY ?~300000 KRW,1.8,6.0,4.2,5,3,COMPLEX,2,2,1,https://hanabank.com/cont/mall/mall08/mall0801/mall080102/1524394_115157.jsp,2026-04-29,PASS,B
IBK_PARENT_BENEFIT_SAVINGS_20260220,IBK_BANK,IBK부모급여우대적금,ON_SALE,INSTALLMENT_SAVINGS,12 MONTH,MONTHLY ?~500000 KRW,2.5,6.5,4.0,3,2,COMPLEX,3,1,0,https://mybank.ibk.co.kr/uib/jsp/guest/ntr/ntr70/ntr7010/PNTR701000_i2.jsp?grcd=21&lncd=01&pdcd=0124&tmcd=121,2026-02-20,PASS,B
KAKAOBANK_26_WEEK_SAVINGS_20260819,KAKAOBANK,26주적금,ON_SALE,INSTALLMENT_SAVINGS,26 WEEK,WEEKLY ?~? KRW / INCREMENTAL,2.0,5.0,3.0,4,2,COMPLEX,1,0,2,https://www.kakaobank.com/products/26weeks,2026-08-19,PASS,B
SHINHAN_SOL_KBO_SAVINGS_2026,SHINHAN_BANK,2026 SOL KBO 적금,ON_SALE,INSTALLMENT_SAVINGS,12 MONTH,MONTHLY 1~500000 KRW / FLEXIBLE,2.5,5.0,2.5,5,3,COMPLEX,2,2,0,https://img.shinhan.com/sbank2016/seol/20260311000000610001LC000030.PDF?1774279251642=,2026-03-11,PASS,B
SHINHAN_MULTI_CHILD_SAVINGS_20260320,SHINHAN_BANK,다둥이 상생 적금,ON_SALE,INSTALLMENT_SAVINGS,12 MONTH,MONTHLY 1000~300000 KRW / FLEXIBLE,2.5,8.0,5.5,6,4,COMPLEX,3,1,0,https://img.shinhan.com/sbank2016/seol/20250306000001320004LC000030.PDF?1773933756918=,2026-03-20,PASS,B
SHINHAN_11ST_SHOPPING_SAVINGS_20260520,SHINHAN_BANK,신한 11번가 쇼핑 적금,ON_SALE,INSTALLMENT_SAVINGS,77 DAY,WEEKLY 1000~100000 KRW / FLEXIBLE,5.5,11.0,5.5,3,1,MEDIUM,2,0,0,https://img.shinhan.com/sbank2016/seol/20260520000000980001LC000030.PDF?1786548212087=,2026-05-20,PASS,B
HANA_FROM_TODAY_SAVINGS_20250903,HANA_BANK,"오늘부터, 하나 적금",ON_SALE,INSTALLMENT_SAVINGS,6 MONTH,MONTHLY 10000~200000 KRW / FLEXIBLE,2.0,7.7,5.7,5,3,MEDIUM,3,1,0,https://hanabank.com/cont/mall/mall08/mall0801/mall080102/1510520_115157.jsp,2025-09-03,PASS,B
HANA_MORE_EASY_SAVINGS_20250528,HANA_BANK,하나더이지 적금,ON_SALE,INSTALLMENT_SAVINGS,12 MONTH,MONTHLY 10000~300000 KRW / FLEXIBLE,2.0,5.0,3.0,6,3,COMPLEX,4,0,0,https://www.hanabank.com/cont/mall/mall08/mall0801/mall080102/1508308_115157.jsp,2025-05-28,PASS,B
HANA_RICH_SEED_SAVINGS_20260731,HANA_BANK,부자씨 적금,ON_SALE,INSTALLMENT_SAVINGS,12 MONTH,MONTHLY 1~500000 KRW / FLEXIBLE,2.5,4.5,2.0,6,3,COMPLEX,1,3,0,https://www.hanabank.com/cont/mall/mall08/mall0801/mall080102/1486817_115157.jsp,2026-07-31,PASS,B
HANA_CUSTOMER_CARE_SAVINGS_2026,HANA_BANK,손님케어 적금,ON_SALE,INSTALLMENT_SAVINGS,12 MONTH,MONTHLY 1000~200000 KRW / FLEXIBLE,3.3,4.7,1.4,6,4,MEDIUM,2,2,0,https://www.hanabank.com/cont/mall/mall08/mall0801/mall080102/1470313_115157.jsp,,PASS,B
HANA_SALARY_COMPOUND_SAVINGS_12M_2026,HANA_BANK,급여하나 월복리 적금(12개월),ON_SALE,INSTALLMENT_SAVINGS,12 MONTH,MONTHLY 10000~3000000 KRW / FLEXIBLE,2.95,5.25,2.30,5,3,MEDIUM,2,1,0,https://www.hanabank.com/cont/mall/mall08/mall0801/mall080102/1455929_115157.jsp,,PASS,B
HANA_PENSION_COMPOUND_SAVINGS_12M_2026,HANA_BANK,연금하나 월복리 적금(12개월),ON_SALE,INSTALLMENT_SAVINGS,12 MONTH,MONTHLY 10000~3000000 KRW / FLEXIBLE,2.95,4.65,1.70,5,3,MEDIUM,2,1,0,https://www.hanabank.com/cont/mall/mall08/mall0801/mall080102/1455928_115157.jsp,,PASS,B
IBK_DDAY_SAVINGS_20260804,IBK_BANK,IBK D-day 적금,ON_SALE,INSTALLMENT_SAVINGS,12 MONTH,MONTHLY 10000~200000 KRW / FLEXIBLE,2.85,4.35,1.50,4,2,MEDIUM,3,0,0,https://blog.ibk.co.kr/569678,2026-08-04,PASS,B
IBK_LOVE_SHARING_SAVINGS_20260805,IBK_BANK,IBK사랑나눔적금,ON_SALE,INSTALLMENT_SAVINGS,12 MONTH,MONTHLY 1000~500000 KRW / FLEXIBLE,4.4,4.4,0.0,1,0,MEDIUM,1,1,0,https://mybank.ibk.co.kr/uib/jsp/guest/ntr/ntr70/ntr7010/PNTR701000_i.jsp,2026-08-05,PASS,B
IBK_MONTHLY_COMPOUND_FREE_SAVINGS_60M_20260820,IBK_BANK,IBK월복리자유적금(60개월),ON_SALE,INSTALLMENT_SAVINGS,60 MONTH,MONTHLY 1000~10000000 KRW / FLEXIBLE,2.45,2.75,0.30,3,1,MEDIUM,2,0,0,https://mybank.ibk.co.kr/uib/jsp/guest/ntr/ntr70/ntr7010/PNTR701000_i.jsp,2026-08-05,PASS,B
IBK_LIFETIME_FAMILY_FREE_SAVINGS_36M_20260820,IBK_BANK,IBK평생한가족통장 자유적금(36개월),ON_SALE,INSTALLMENT_SAVINGS,36 MONTH,MONTHLY 1000~10000000 KRW / FLEXIBLE,2.65,3.05,0.40,4,2,COMPLEX,2,0,0,https://mybank.ibk.co.kr/uib/jsp/guest/ntr/ntr70/ntr7010/PNTR701000_i.jsp,2026-08-05,PASS,B
KB_STAR_SAVINGS_III_2026,KB_BANK,KB스타적금III,ON_SALE,INSTALLMENT_SAVINGS,12 MONTH,MONTHLY 1000~300000 KRW / FLEXIBLE,2.0,5.0,3.0,4,2,COMPLEX,2,1,0,https://obank.kbstar.com/quics?cc=b061496%3Ab061645&isNew=Y&page=C016613&prcode=DP01001614,,PASS,B
KB_ONE_FREE_SAVINGS_12M_20260805,KB_BANK,KB국민ONE적금 자유적립식(12개월),ON_SALE,INSTALLMENT_SAVINGS,12 MONTH,MONTHLY 10000~3000000 KRW / FLEXIBLE,2.3,3.0,0.7,5,3,MEDIUM,2,0,0,https://obank.kbstar.com/quics?page=C016613,2026-08-05,PASS,B
KB_ONE_FIXED_SAVINGS_12M_20260805,KB_BANK,KB국민ONE적금 정액적립식(12개월),ON_SALE,INSTALLMENT_SAVINGS,12 MONTH,MONTHLY 10000~500000 KRW / FIXED,2.8,4.1,1.3,7,5,COMPLEX,4,0,0,https://obank.kbstar.com/quics?page=C016613,2026-08-05,PASS,B
KB_MYWAY_SAVINGS_12M_20260818,KB_BANK,KB내맘대로적금(12개월),ON_SALE,INSTALLMENT_SAVINGS,12 MONTH,MONTHLY 1000~3000000 KRW / FLEXIBLE,2.5,3.1,0.6,3,1,COMPLEX,1,1,0,https://obank.kbstar.com/quics?page=C016613,2026-08-05,PASS,B
KB_CLEAR_SKY_SAVINGS_12M_20260820,KB_BANK,KB맑은하늘적금(12개월),ON_SALE,INSTALLMENT_SAVINGS,12 MONTH,MONTHLY 1000~1000000 KRW / FLEXIBLE,2.65,3.45,0.80,6,3,MEDIUM,2,1,0,https://obank.kbstar.com/quics?page=C016613,2026-08-05,PASS,B
KB_GLOBAL_STAR_SAVINGS_12M_20260820,KB_BANK,KB Global Star 적금,ON_SALE,INSTALLMENT_SAVINGS,12 MONTH,MONTHLY 1000~500000 KRW / FLEXIBLE,2.0,5.5,3.5,6,4,COMPLEX,5,0,0,https://obank.kbstar.com/quics?page=C016613,2026-08-05,PASS,B
WOORI_WON_SAVINGS_12M_20260820,WOORI_BANK,WON 적금,ON_SALE,INSTALLMENT_SAVINGS,12 MONTH,MONTHLY 1000~500000 KRW / FLEXIBLE,3.2,3.4,0.2,4,2,SIMPLE,1,1,0,https://spot.wooribank.com/pot/Dream?PRD_CD=P010002353&PRD_YN=Y&withyou=PODEP0001,,PASS,B
WOORI_SUPER_PRIMARY_FREE_SAVINGS_36M_20260820,WOORI_BANK,우리 SUPER주거래 자유적금(36개월),ON_SALE,INSTALLMENT_SAVINGS,36 MONTH,MONTHLY ?~500000 KRW / FLEXIBLE,2.4,3.8,1.4,3,1,MEDIUM,1,1,0,https://spot.wooribank.com/pot/Dream?ALL_GB=&PLM_PDCD=P010000110&PRD_CD=P010000110&cc=c007095%3Ac009166%3Bc012263%3Ac012399&depKind=A04&withyou=PODEP0021,,PASS,B
WOORI_OWNER_GROWTH_SAVINGS_12M_20260820,WOORI_BANK,우리 사장님 성장 적금,ON_SALE,INSTALLMENT_SAVINGS,12 MONTH,MONTHLY 10000~1000000 KRW / FLEXIBLE,2.0,6.0,4.0,3,1,COMPLEX,1,1,0,https://spot.wooribank.com/pot/Dream?TAB_GBN=2&withyou=PODEP0001,,PASS,B
WOORI_BINGO_SAVINGS_12M_20260820,WOORI_BANK,우리 빙고 적금,ON_SALE,INSTALLMENT_SAVINGS,12 MONTH,MONTHLY 1000~500000 KRW / FLEXIBLE,2.75,10.25,7.50,3,1,COMPLEX,1,1,0,https://spot.wooribank.com/pot/Dream?PRD_CD=P010002584&PRD_YN=Y&withyou=PODEP0001,,PASS,B
WOORI_CHILD_HAPPINESS2_SAVINGS_12M_2026,WOORI_BANK,우리 아이행복 적금2,ON_SALE,INSTALLMENT_SAVINGS,12 MONTH,MONTHLY 1000~500000 KRW / FLEXIBLE,2.7,3.9,1.2,4,2,MEDIUM,3,0,0,https://spot.wooribank.com/pot/Dream?TAB_GBN=2&withyou=PODEP0001,,PASS,B
WOORI_SOLDIER_TOMORROW_SAVINGS_15M_2026,WOORI_BANK,우리은행 장병내일준비적금(15개월),ON_SALE,INSTALLMENT_SAVINGS,15 MONTH,MONTHLY 0~300000 KRW / FLEXIBLE,5.0,6.0,1.0,6,4,MEDIUM,4,1,0,https://spot.wooribank.com/pot/Dream?PRD_CD=P010002283&PRD_YN=Y&cc=c007095%3Ac009166%3Bc012263%3Ac012399&withyou=PODEP0019,,PASS,B
KBANK_CODE_K_FREE_SAVINGS_12M_20260721,KBANK,코드K 자유적금(12개월),ON_SALE,INSTALLMENT_SAVINGS,12 MONTH,FLEXIBLE 1000~300000 KRW / FLEXIBLE,3.7,3.7,0.0,1,0,SIMPLE,1,0,0,https://www.kbanknow.com/web/product/deposit/codek-saving,2026-07-21,PASS,B
KBANK_PRIMARY_FREE_SAVINGS_12M_20260721,KBANK,주거래우대 자유적금(12개월),ON_SALE,INSTALLMENT_SAVINGS,12 MONTH,MONTHLY 1000~3000000 KRW / FLEXIBLE,3.6,4.2,0.6,4,2,MEDIUM,4,0,0,https://www.kbanknow.com/web/product/deposit/primary-saving,2026-07-21,PASS,B
KBANK_ROLLING_FARM_SAVINGS_12M_2026,KBANK,데굴데굴 농장,ON_SALE,INSTALLMENT_SAVINGS,12 MONTH,MONTHLY 10000~10000000 KRW / FLEXIBLE,3.0,3.0,0.0,1,0,SIMPLE,1,0,0,https://www.kbanknow.com/web/product/deposit/farm-saving,,PASS,B
KBANK_MYKIDS_SAVINGS_60M_20260819,KBANK,마이키즈 적금(5년),ON_SALE,INSTALLMENT_SAVINGS,60 MONTH,MONTHLY 1000~300000 KRW / FLEXIBLE,3.5,7.5,4.0,3,1,MEDIUM,2,0,1,https://www.kbanknow.com/web/product/deposit/mykids-saving,2026-08-19,PASS,B
KAKAOBANK_FREE_SAVINGS_12M_20260818,KAKAOBANK,자유적금(12개월),ON_SALE,INSTALLMENT_SAVINGS,12 MONTH,FLEXIBLE 1000~3000000 KRW / FLEXIBLE,3.65,3.85,0.20,3,1,MEDIUM,1,0,1,https://www.kakaobank.com/products/savings,2026-08-18,PASS,B
KAKAOBANK_ONE_MONTH_SAVINGS_20260818,KAKAOBANK,한달적금,ON_SALE,INSTALLMENT_SAVINGS,31 DAY,DAILY 1~30000 KRW / FLEXIBLE,0.5,6.0,5.5,39,1,COMPLEX,1,0,1,https://www.kakaobank.com/products/m1savings,2026-08-18,PASS,B
TOSS_RPG_31DAY_SAVINGS_20260804,TOSS_BANK,키워봐요 31일적금,ON_SALE,INSTALLMENT_SAVINGS,31 DAY,DAILY 1~5000 KRW / FLEXIBLE,1.0,10.0,9.0,3,1,COMPLEX,1,1,0,https://www.tossbank.com/product-service/savings/savings-rpg,2026-08-04,PASS,B
TOSS_CHILD_SAVINGS_20260714,TOSS_BANK,아이적금,ON_SALE,INSTALLMENT_SAVINGS,12 MONTH,MONTHLY 0~200000 KRW / FLEXIBLE,2.5,5.0,2.5,3,1,COMPLEX,3,0,1,https://www.tossbank.com/articles/baby-savings-account,2026-07-14,PASS,B
TOSS_FETAL_SAVINGS_20260714,TOSS_BANK,태아적금,ON_SALE,INSTALLMENT_SAVINGS,12 MONTH,MONTHLY 0~200000 KRW / FLEXIBLE,1.0,5.0,4.0,3,1,COMPLEX,2,1,0,https://www.tossbank.com/articles/baby-savings-account,2026-07-14,PASS,B
TOSS_FREE_SAVINGS_12M_20260508,TOSS_BANK,자유적금(12개월),ON_SALE,INSTALLMENT_SAVINGS,12 MONTH,MONTHLY 1~3000000 KRW / FLEXIBLE,2.5,3.0,0.5,3,1,MEDIUM,2,0,1,https://www.tossbank.com/articles/free-deposit-saving-account,2026-05-08,PASS,B
TOSS_GULBI_SAVINGS_6M_20260713,TOSS_BANK,굴비적금,ON_SALE,INSTALLMENT_SAVINGS,6 MONTH,MONTHLY 1~300000 KRW / FLEXIBLE,1.8,4.3,2.5,3,1,SIMPLE,1,0,0,https://www.tossbank.com/articles/savings-account,2026-07-13,PASS,B
BNK_KYONGNAM_TODAY_SAVE_6M_2026,BNK_KYONGNAM,오늘도 세이브 적금,ON_SALE,INSTALLMENT_SAVINGS,6 MONTH,DAILY 1000~100000 KRW / FLEXIBLE,2.75,4.5,1.75,5,2,MEDIUM,2,1,0,https://m.knbank.co.kr/ib20/mnu/MBWSFM030000000,,PASS,B
BNK_KYONGNAM_TOUCH_UP_1M_2026,BNK_KYONGNAM,Touch UP 적금,ON_SALE,INSTALLMENT_SAVINGS,1 MONTH,DAILY 1000~30000 KRW / FLEXIBLE,1.45,7.0,5.55,30,4,COMPLEX,3,0,1,https://www.knbank.co.kr/ib20/mnu/BHPCSC020401000?DUP_CHK=N,,PASS,B
BNK_KYONGNAM_WITHUS_FREE_36M_2025,BNK_KYONGNAM,BNK 위더스WithUs 자유적금(36개월),ON_SALE,INSTALLMENT_SAVINGS,36 MONTH,MONTHLY 10000~1000000 KRW / FLEXIBLE,2.3,4.8,2.5,5,3,MEDIUM,3,1,0,https://www.knbank.co.kr/ib20/mnu/FPMREP020101000?DUP_CHK=N&FNC_PRD_DIS_CD=01&FNC_PRD_NO=0000202492,2025-08-25,PASS,B
BNK_KYONGNAM_REGULAR_SAVINGS_60M_20260818,BNK_KYONGNAM,정기적금(60개월),ON_SALE,INSTALLMENT_SAVINGS,60 MONTH,MONTHLY 1000~? KRW / FIXED,2.35,2.35,0.00,1,0,SIMPLE,1,0,0,https://www.knbank.co.kr/ib20/mnu/BHPCSC020401000?DUP_CHK=N,,PASS,B
BNK_BUSAN_ONLY_ONE_PRIMARY_SAVINGS_12M_20260820,BNK_BUSAN,Only One 주거래 우대적금,ON_SALE,INSTALLMENT_SAVINGS,12 MONTH,MONTHLY ?~? KRW / FLEXIBLE,2.3,4.8,2.5,3,1,MEDIUM,1,1,0,https://www.busanbank.co.kr/ib20/mnu/FPMDPO012002001,,PASS,B
BNK_BUSAN_LOW_CARBON_SAVINGS_12M_20260820,BNK_BUSAN,저탄소 실천 적금,ON_SALE,INSTALLMENT_SAVINGS,12 MONTH,MONTHLY 1000~? KRW / FLEXIBLE,2.5,3.0,0.5,3,1,MEDIUM,1,1,0,https://www.busanbank.co.kr/ib20/mnu/FPMDPO012002001,,PASS,B
BNK_BUSAN_LOCAL_LOVE_FREE_SAVINGS_12M_20260820,BNK_BUSAN,BNK지역사랑자유적금,ON_SALE,INSTALLMENT_SAVINGS,12 MONTH,MONTHLY 1000~? KRW / FLEXIBLE,2.7,2.8,0.1,3,1,SIMPLE,1,1,0,https://www.busanbank.co.kr/ib20/mnu/FPMDPO012002001,,PASS,B
BNK_BUSAN_HOUSEHOLD_PREFERRED_FIXED_12M_20260820,BNK_BUSAN,가계우대정기적금,ON_SALE,INSTALLMENT_SAVINGS,12 MONTH,MONTHLY 1000~? KRW / FIXED,2.7,2.7,0.0,1,0,SIMPLE,1,0,0,https://www.busanbank.co.kr/ib20/mnu/FPMDPO012002001,,PASS,B
BNK_BUSAN_REGULAR_FIXED_SAVINGS_12M_20260820,BNK_BUSAN,정기적금,ON_SALE,INSTALLMENT_SAVINGS,12 MONTH,MONTHLY 1000~? KRW / FIXED,2.7,2.7,0.0,1,0,SIMPLE,1,0,0,https://www.busanbank.co.kr/ib20/mnu/FPMDPO012002001,,PASS,B
BNK_BUSAN_MYWAY_SAVINGS_12M_20260820,BNK_BUSAN,BNK내맘대로적금,ON_SALE,INSTALLMENT_SAVINGS,12 MONTH,MONTHLY 1000~? KRW / FLEXIBLE,2.9,3.1,0.2,3,1,MEDIUM,1,1,0,https://www.busanbank.co.kr/ib20/mnu/FPMDPO012002001,,PASS,B
